Packet number,Gyroscope X (deg/s),Gyroscope Y (deg/s),Gyroscope Z (deg/s),Accelerometer X (g),Accelerometer Y (g),Accelerometer Z (g),Magnetometer X (microteslas),Magnetometer Y (microteslas),Magnetometer Z (microteslas),Timestamp
0,0.009817477042468103,-0.015271630954950384,-0.009817477042468103,5.37,-2.27,7.83,-32.5625,39.0,-3.375,1745904685.2227745
1,0.011999138607461015,-0.03381575425739013,-0.001090830782496456,5.45,-2.2800000000000002,7.83,-32.5625,38.1875,-3.0625,1745904685.2392592
2,0.02181661564992912,-0.019634954084936207,0.003272492347489368,5.43,-2.29,7.74,-32.5625,38.1875,-3.0625,1745904685.2619019
3,0.007635815477475192,0.011999138607461015,0.013089969389957472,5.44,-2.19,7.87,-32.5625,38.1875,-3.0625,1745904685.2802143
4,0.004363323129985824,0.009817477042468103,-0.020725784867432664,5.38,-2.22,7.83,-32.5625,39.0,-4.25,1745904685.301757
5,0.001090830782496456,-0.016362461737446838,-0.002181661564992912,5.39,-2.19,7.79,-32.5625,39.0,-4.25,1745904685.322161
6,-0.009817477042468103,-0.013089969389957472,0.018544123302439753,5.41,-2.22,7.75,-33.0,39.0,-3.75,1745904685.341815
7,-0.037088246604879506,0.002181661564992912,-0.006544984694978736,5.42,-2.31,7.82,-33.0,39.0,-3.75,1745904685.361884
8,-0.04363323129985824,0.0,-0.017453292519943295,5.4,-2.43,7.7700000000000005,-33.0,39.0,-3.75,1745904685.3792863
9,-0.04254240051736178,-0.009817477042468103,0.008726646259971648,5.49,-2.45,7.82,-32.1875,38.5625,-4.25,1745904685.401818
10,0.003272492347489368,-0.011999138607461015,0.011999138607461015,5.49,-2.45,7.79,-32.1875,38.5625,-4.25,1745904685.4224567
11,0.039269908169872414,0.009817477042468103,-0.02181661564992912,5.4,-2.33,7.87,-33.25,38.5625,-4.25,1745904685.439484
12,0.055632369907319255,0.009817477042468103,-0.02399827721492203,5.36,-2.2800000000000002,7.8,-33.25,38.5625,-4.25,1745904685.4618497
13,0.016362461737446838,-0.008726646259971648,-0.003272492347489368,5.37,-2.22,7.78,-33.0,39.0,-3.0625,1745904685.4806802
14,-0.008726646259971648,-0.011999138607461015,0.016362461737446838,5.37,-2.17,7.76,-33.0,39.0,-3.0625,1745904685.501885
15,0.00545415391248228,-0.00545415391248228,0.009817477042468103,5.37,-2.16,7.7700000000000005,-33.0,39.0,-3.0625,1745904685.522194
16,0.016362461737446838,-0.001090830782496456,-0.006544984694978736,5.34,-2.24,7.73,-33.0,39.0,-3.75,1745904685.541868
17,-0.014180800172453928,-0.011999138607461015,-0.001090830782496456,5.38,-2.2800000000000002,7.7700000000000005,-33.0,39.0,-3.75,1745904685.5619261
18,-0.039269908169872414,-0.014180800172453928,0.009817477042468103,5.4,-2.29,7.79,-33.0,39.0,-3.75,1745904685.5800853
19,-0.039269908169872414,0.001090830782496456,0.011999138607461015,5.32,-2.38,7.76,-32.5625,38.5625,-3.875,1745904685.602009
20,-0.03490658503988659,0.003272492347489368,0.001090830782496456,5.3500000000000005,-2.43,7.78,-32.5625,38.5625,-3.875,1745904685.6223876
21,-0.02399827721492203,-0.011999138607461015,0.002181661564992912,5.39,-2.34,7.8500000000000005,-32.1875,38.5625,-3.0625,1745904685.6403267
22,0.002181661564992912,-0.028361600344907856,0.006544984694978736,5.47,-2.32,7.8,-32.1875,38.5625,-3.0625,1745904685.6620383
23,0.020725784867432664,-0.030543261909900768,-0.006544984694978736,5.5200000000000005,-2.35,7.82,-32.5625,38.5625,-3.375,1745904685.680411
24,0.008726646259971648,-0.03599741582238305,0.0,5.55,-2.32,7.86,-32.5625,38.5625,-3.375,1745904685.7020357
25,-0.006544984694978736,-0.022907446432425576,0.03599741582238305,5.54,-2.3000000000000003,7.82,-32.5625,38.5625,-3.375,1745904685.722478
26,-0.017453292519943295,0.00545415391248228,0.020725784867432664,5.45,-2.31,7.88,-32.1875,38.5625,-3.375,1745904685.7421234
27,0.011999138607461015,0.009817477042468103,-0.014180800172453928,5.44,-2.29,7.8,-32.1875,38.5625,-3.375,1745904685.7620943
28,0.04036073895236887,-0.013089969389957472,-0.014180800172453928,5.49,-2.27,7.7700000000000005,-32.1875,39.0,-3.75,1745904685.7807474
29,0.03490658503988659,-0.014180800172453928,-0.008726646259971648,5.47,-2.2800000000000002,7.67,-32.1875,39.0,-3.75,1745904685.802128
30,0.011999138607461015,0.020725784867432664,-0.018544123302439753,5.37,-2.33,7.79,-32.1875,39.0,-3.75,1745904685.8226902
31,-0.006544984694978736,0.019634954084936207,0.001090830782496456,5.4,-2.3000000000000003,7.84,-32.5625,39.0,-3.0625,1745904685.8421967
32,-0.00545415391248228,0.003272492347489368,0.03490658503988659,5.42,-2.27,7.71,-32.5625,39.0,-3.0625,1745904685.8622093
33,0.019634954084936207,-0.01090830782496456,-0.01090830782496456,5.42,-2.31,7.69,-32.5625,38.1875,-4.5625,1745904685.8809927
34,0.04363323129985824,-0.019634954084936207,-0.028361600344907856,5.46,-2.4,7.62,-32.5625,38.1875,-4.5625,1745904685.9022033
35,0.03599741582238305,-0.018544123302439753,0.0,5.59,-2.49,7.71,-32.5625,38.1875,-4.5625,1745904685.9229658
36,-0.01090830782496456,-0.001090830782496456,0.013089969389957472,5.61,-2.58,7.8100000000000005,-33.0,38.5625,-3.375,1745904685.9424574
37,0.016362461737446838,0.02181661564992912,-0.014180800172453928,5.61,-2.61,7.95,-33.0,38.5625,-3.375,1745904685.962501
38,0.08944812416470939,0.013089969389957472,-0.02181661564992912,5.57,-2.52,8.07,-33.0,38.5625,-3.375,1745904685.9814215
39,0.15926129424448257,-0.026179938779914945,-0.04908738521234052,5.5600000000000005,-2.35,8.1,-33.0,38.5625,-3.375,1745904686.0023446
40,0.19198621771937624,-0.05781403147231216,-0.09490227807719166,5.57,-2.1,8.05,-33.0,38.5625,-3.375,1745904686.022827
41,0.2279836335417593,-0.011999138607461015,-0.08290313946973066,5.3500000000000005,-1.82,7.86,-33.0,38.1875,-2.6875,1745904686.0416021
42,0.19634954084936207,0.06217735460229799,-0.030543261909900768,5.12,-1.69,7.7,-33.0,38.1875,-2.6875,1745904686.0624592
43,0.06763150851478027,0.07526732399225546,-0.004363323129985824,5.19,-1.7,7.78,-33.0,38.5625,-4.25,1745904686.081626
44,-0.06654067773228381,0.02399827721492203,0.008726646259971648,5.3100000000000005,-1.84,7.65,-33.0,38.5625,-4.25,1745904686.1023822
45,-0.06217735460229799,0.014180800172453928,0.016362461737446838,5.36,-1.87,7.6000000000000005,-33.0,38.5625,-4.25,1745904686.1229792
46,-0.02399827721492203,0.06326818538479445,-0.015271630954950384,5.2,-1.92,7.55,-32.5625,39.0,-3.875,1745904686.1419594
47,-0.05890486225480862,0.0719948316447661,-0.003272492347489368,5.18,-1.99,7.53,-32.5625,39.0,-3.875,1745904686.1624799
48,-0.08835729338221293,0.04690572364734761,0.006544984694978736,5.25,-2.15,7.8,-33.0,37.75,-4.25,1745904686.1820524
49,-0.10253809355466686,-0.050178215994836975,-0.01090830782496456,5.39,-2.23,7.82,-33.0,37.75,-4.25,1745904686.202442
50,-0.04254240051736178,-0.05235987755982989,-0.006544984694978736,5.48,-2.35,7.84,-33.0,37.75,-4.25,1745904686.2229927
51,-0.032724923474893676,-0.04690572364734761,0.007635815477475192,5.47,-2.41,7.98,-33.0,38.1875,-5.375,1745904686.242392
52,-0.04036073895236887,-0.037088246604879506,0.09708393964218458,5.54,-2.45,7.96,-33.0,38.1875,-5.375,1745904686.2626421
53,-0.032724923474893676,-0.013089969389957472,0.08508480103472356,5.5,-2.44,8.040000000000001,-33.0,39.25,-3.375,1745904686.282298
54,0.026179938779914945,-0.001090830782496456,0.032724923474893676,5.49,-2.36,8.040000000000001,-33.0,39.25,-3.375,1745904686.302545
55,0.06654067773228381,-0.01090830782496456,0.02181661564992912,5.45,-2.13,7.97,-33.0,39.25,-3.375,1745904686.3229194
56,0.08399397025222712,-0.015271630954950384,0.02945243112740431,5.46,-2.05,7.930000000000001,-31.75,39.25,-2.6875,1745904686.3424919
57,0.04799655442984406,-0.016362461737446838,0.02399827721492203,5.48,-2.11,7.69,-31.75,39.25,-2.6875,1745904686.3626337
58,-0.02399827721492203,0.030543261909900768,0.020725784867432664,5.46,-2.17,7.61,-32.1875,38.5625,-4.25,1745904686.3826356
59,-0.07963064712224129,0.05672320068981571,0.07963064712224129,5.33,-2.13,7.75,-32.1875,38.5625,-4.25,1745904686.4026368
60,-0.06872233929727672,0.02181661564992912,0.14944381720201447,5.44,-2.18,7.75,-32.1875,38.5625,-4.25,1745904686.4229941
61,-0.03490658503988659,-0.014180800172453928,0.09599310885968812,5.49,-2.16,7.84,-33.0,38.1875,-3.875,1745904686.4426427
62,0.04690572364734761,-0.019634954084936207,0.014180800172453928,5.47,-2.14,7.75,-33.0,38.1875,-3.875,1745904686.4626832
63,0.06217735460229799,-0.008726646259971648,-0.020725784867432664,5.41,-2.15,7.72,-32.1875,39.0,-3.75,1745904686.482718
64,0.002181661564992912,-0.003272492347489368,0.00545415391248228,5.43,-2.2800000000000002,7.69,-32.1875,39.0,-3.75,1745904686.502776
65,-0.07308566242726255,0.016362461737446838,0.026179938779914945,5.39,-2.32,7.8,-32.1875,39.0,-3.75,1745904686.523023
66,-0.05672320068981571,0.01090830782496456,0.030543261909900768,5.43,-2.3000000000000003,7.97,-32.5625,39.6875,-3.0625,1745904686.5429685
67,0.015271630954950384,-0.019634954084936207,0.01090830782496456,5.45,-2.33,7.84,-32.5625,39.6875,-3.0625,1745904686.5629745
68,0.04254240051736178,-0.030543261909900768,-0.0272707695624114,5.42,-2.34,7.83,-32.5625,39.1875,-4.5625,1745904686.5830402
69,0.030543261909900768,-0.014180800172453928,-0.007635815477475192,5.46,-2.35,7.74,-32.5625,39.1875,-4.5625,1745904686.603096
70,-0.00545415391248228,0.013089969389957472,0.04581489286485115,5.42,-2.27,7.95,-32.5625,39.1875,-4.5625,1745904686.623317
71,-0.004363323129985824,-0.013089969389957472,0.026179938779914945,5.43,-2.24,7.95,-32.5625,38.5,-3.375,1745904686.6433284
72,0.031634092692397225,-0.04145156973486533,0.013089969389957472,5.44,-2.21,7.87,-32.5625,38.5,-3.375,1745904686.663316
73,0.05235987755982989,-0.006544984694978736,-0.00545415391248228,5.43,-2.18,7.91,-33.0,39.1875,-3.875,1745904686.6833508
74,0.02945243112740431,0.03381575425739013,0.013089969389957472,5.41,-2.18,7.96,-33.0,39.1875,-3.875,1745904686.7034082
75,-0.004363323129985824,-0.003272492347489368,0.07417649320975901,5.39,-2.13,7.99,-33.0,39.1875,-3.875,1745904686.7236269
76,-0.018544123302439753,-0.05126904677733343,0.07417649320975901,5.33,-2.06,7.930000000000001,-33.0,39.1875,-2.6875,1745904686.7435825
77,-0.009817477042468103,-0.07417649320975901,0.06654067773228381,5.45,-2.13,7.86,-33.0,39.1875,-2.6875,1745904686.764011
78,-0.014180800172453928,-0.09817477042468103,0.0916297857297023,5.59,-2.11,7.83,-32.1875,38.5,-3.0625,1745904686.7836652
79,0.018544123302439753,-0.09053895494720585,0.05345070834232634,5.54,-2.18,7.76,-32.1875,38.5,-3.0625,1745904686.8037353
80,-0.002181661564992912,-0.06326818538479445,0.06544984694978735,5.39,-2.22,7.71,-32.1875,38.5,-3.0625,1745904686.8238816
81,-0.10799224746714914,-0.04036073895236887,0.10690141668465268,5.37,-2.18,7.8500000000000005,-31.5,39.1875,-3.0625,1745904686.8439314
82,-0.14726215563702155,-0.0272707695624114,0.10035643198967395,5.54,-2.29,7.930000000000001,-31.5,39.1875,-3.0625,1745904686.8648748
83,-0.06981317007977318,-0.03490658503988659,0.06981317007977318,5.54,-2.34,7.79,-32.5625,39.875,-3.75,1745904686.8839743
84,-0.025089107997418487,-0.038179077387375956,0.044724062082354694,5.49,-2.43,7.63,-32.5625,39.875,-3.75,1745904686.90442
85,-0.04799655442984406,-0.03490658503988659,0.04799655442984406,5.47,-2.48,7.5,-32.5625,39.875,-3.75,1745904686.9241354
86,-0.07090400086226964,0.002181661564992912,0.08399397025222712,5.44,-2.56,7.61,-31.75,39.5625,-2.25,1745904686.9456744
87,-0.07635815477475191,-0.04254240051736178,0.10581058590215622,5.5,-2.5300000000000002,7.68,-31.75,39.5625,-2.25,1745904686.965785
88,-0.05890486225480862,-0.07744898555724837,0.05781403147231216,5.51,-2.52,7.5600000000000005,-31.5,39.875,-3.375,1745904686.9842818
89,-0.026179938779914945,-0.022907446432425576,-0.026179938779914945,5.2700000000000005,-2.43,7.61,-31.5,39.875,-3.375,1745904687.0053477
90,0.018544123302439753,-0.015271630954950384,0.015271630954950384,5.19,-2.38,7.72,-31.5,39.875,-3.375,1745904687.0244977
91,-0.016362461737446838,-0.1090830782496456,0.1505346479845109,5.42,-2.19,7.930000000000001,-31.75,39.5625,-3.375,1745904687.047603
92,-0.11671889372712078,-0.1712604328519436,0.2650718801466388,5.6000000000000005,-2.23,8.040000000000001,-31.75,39.5625,-3.375,1745904687.0676053
93,-0.1734420944169365,-0.050178215994836975,0.08508480103472356,5.62,-2.31,8.24,-31.1875,39.875,-3.375,1745904687.0848136
94,-0.13526301702956053,-0.07853981633974483,0.04690572364734761,5.03,-2.33,7.47,-31.1875,39.875,-3.375,1745904687.1072874
95,-0.09053895494720585,-0.17562375598192942,0.19744037163185854,4.86,-2.35,7.4,-31.1875,39.875,-3.375,1745904687.1247976
96,-0.26398104936414235,-0.21925698728178766,0.5945027764605685,5.3100000000000005,-2.27,7.6000000000000005,-32.1875,40.25,-1.875,1745904687.1482353
97,-0.5028729907308662,-0.2279836335417593,0.6348635154129374,5.83,-2.43,7.930000000000001,-32.1875,40.25,-1.875,1745904687.168338
98,-0.5148721293383273,-0.20289452554434081,0.2628902185816459,5.42,-2.74,7.390000000000001,-31.5,39.875,-2.25,1745904687.1849017
99,-0.38288160465625604,-0.14944381720201447,0.16580627893946132,5.5600000000000005,-3.17,7.22,-31.5,39.875,-2.25,1745904687.2078853
100,-0.06435901616729091,0.009817477042468103,0.16471544815696484,5.43,-2.98,7.24,-31.5,39.875,-2.25,1745904687.2251267
101,-0.039269908169872414,0.04036073895236887,0.25634523388666713,5.3500000000000005,-3.09,7.17,-31.1875,40.25,-1.0625,1745904687.2483747
102,-0.2301652951067522,0.030543261909900768,0.3337942194439155,5.43,-3.3000000000000003,7.36,-31.1875,40.25,-1.0625,1745904687.268469
103,-0.34579335805137656,-0.055632369907319255,0.15162547876700738,5.61,-3.43,7.54,-29.6875,41.0,-1.0625,1745904687.285185
104,-0.22580197197676638,-0.07526732399225546,0.08508480103472356,5.47,-3.5300000000000002,7.6000000000000005,-29.6875,41.0,-1.0625,1745904687.3081348
105,0.07417649320975901,-0.16798794050445423,0.3523383427463553,5.2,-3.49,7.17,-29.6875,41.0,-1.0625,1745904687.3254266
106,0.013089969389957472,-0.19962203319685143,0.4439681284760576,5.23,-3.43,7.18,-30.0,41.0,-0.5625,1745904687.3486242
107,-0.2596177262341565,-0.2552544031041707,0.4363323129985824,5.5200000000000005,-3.54,7.3,-30.0,41.0,-0.5625,1745904687.3687537
108,-0.2301652951067522,-0.22252947962927702,0.26725354171163174,5.55,-3.54,7.24,-30.0,41.6875,-0.5625,1745904687.3855157
109,-0.0545415391248228,-0.20616701789183017,0.24652775684419906,5.3100000000000005,-3.58,7.19,-30.0,41.6875,-0.5625,1745904687.4079485
110,-0.002181661564992912,-0.21707532571679475,0.4439681284760576,5.2,-3.48,6.92,-30.0,41.6875,-0.5625,1745904687.425796
111,-0.1832595714594046,-0.2716168648416175,0.5312345910757741,5.55,-3.37,7.0,-28.1875,41.6875,0.1875,1745904687.4479275
112,-0.28361600344907856,-0.2683443724941282,0.30543261909900765,5.83,-3.5500000000000003,7.22,-28.1875,41.6875,0.1875,1745904687.468979
113,-0.2083486794568231,-0.2519819107566813,0.14289883250703572,5.84,-3.7800000000000002,7.140000000000001,-27.75,42.375,0.1875,1745904687.4858313
114,-0.12326387842209953,-0.210530341021816,0.3916082509162277,5.58,-3.62,6.67,-27.75,42.375,0.1875,1745904687.508787
115,-0.27379852640661045,-0.17998707911191522,0.5868669609830933,5.74,-3.79,6.71,-27.75,42.375,0.1875,1745904687.5260289
116,-0.3643374813538163,-0.16907877128695067,0.47778388273344774,6.13,-3.87,7.4,-27.375,41.25,1.75,1745904687.5487845
117,-0.26070855701665296,-0.1734420944169365,0.1712604328519436,5.89,-3.99,7.2,-27.375,41.25,1.75,1745904687.5690181
118,-0.06544984694978735,-0.10144726277217041,-0.004363323129985824,5.46,-3.99,6.640000000000001,-26.6875,42.75,2.5625,1745904687.5861447
119,0.007635815477475192,-0.050178215994836975,0.050178215994836975,5.42,-4.01,6.71,-26.6875,42.75,2.5625,1745904687.60882
120,-0.05672320068981571,-0.08508480103472356,0.210530341021816,5.39,-3.97,6.79,-26.6875,42.75,2.5625,1745904687.626749
121,-0.20507618710933373,-0.11235557059713497,0.2814343418840856,5.29,-4.05,6.68,-26.25,43.0625,2.5625,1745904687.6487305
122,-0.2650718801466388,-0.19962203319685143,0.3741549583962844,5.3,-4.15,6.88,-26.25,43.0625,2.5625,1745904687.669107
123,-0.21162117180431245,-0.31525009614147576,0.41996985126113556,5.47,-4.13,6.93,-26.25,42.0,1.75,1745904687.6864614
124,-0.1636246173744684,-0.33161255787892263,0.35779249665883756,5.7700000000000005,-4.19,6.8,-26.25,42.0,1.75,1745904687.7090635
125,-0.13199052468207118,-0.20507618710933373,0.13308135546456762,5.83,-4.5200000000000005,6.7,-26.25,42.0,1.75,1745904687.7269182
126,-0.06435901616729091,-0.18216874067690814,0.06763150851478027,5.42,-4.45,6.5,-25.75,42.75,3.75,1745904687.7489784
127,-0.12980886311707826,-0.24434609527920614,0.3621558197888234,5.46,-4.51,6.37,-25.75,42.75,3.75,1745904687.7692099
128,-0.28034351110158917,-0.2476185876266955,0.5170537909033202,5.6000000000000005,-4.44,6.5600000000000005,-24.75,42.6875,5.0,1745904687.7870183
129,-0.2399827721492203,-0.284706834231575,0.32288591161895097,5.8500000000000005,-4.67,6.7700000000000005,-24.75,42.6875,5.0,1745904687.809061
130,-0.08072147790473774,-0.3436116964863836,0.026179938779914945,5.78,-4.69,6.82,-24.75,42.6875,5.0,1745904687.8272524
131,0.04581489286485115,-0.3425208657038872,0.038179077387375956,5.33,-4.89,5.92,-24.375,42.6875,4.1875,1745904687.849066
132,-0.05235987755982989,-0.24980024919168842,0.2552544031041707,5.76,-4.59,6.47,-24.375,42.6875,4.1875,1745904687.8692443
133,-0.10471975511965978,-0.15707963267948966,0.29888763440402893,5.76,-4.64,6.55,-23.875,42.6875,4.5,1745904687.8872862
134,-0.04690572364734761,-0.1090830782496456,0.028361600344907856,5.53,-4.38,6.46,-23.875,42.6875,4.5,1745904687.9091535
135,0.06654067773228381,-0.14726215563702155,-0.24652775684419906,5.43,-4.53,6.3500000000000005,-24.6875,42.6875,5.6875,1745904687.9274557
136,0.05345070834232634,-0.19962203319685143,-0.09708393964218458,5.39,-4.53,5.84,-24.6875,42.6875,5.6875,1745904687.9491417
137,-0.09381144729469522,-0.15926129424448257,0.16798794050445423,5.5,-4.59,6.03,-24.6875,42.6875,5.6875,1745904687.9693422
138,-0.20616701789183017,-0.08726646259971647,0.2814343418840856,5.5600000000000005,-4.5600000000000005,6.11,-24.25,42.25,5.0,1745904687.987633
139,-0.19962203319685143,-0.09926560120717749,0.1189005552921137,5.44,-4.74,5.92,-24.25,42.25,5.0,1745904688.0092444
140,-0.17453292519943295,-0.2378011105842274,0.002181661564992912,5.2700000000000005,-4.7700000000000005,5.8100000000000005,-23.75,42.1875,6.5,1745904688.027821
141,-0.1734420944169365,-0.36979163526629855,0.2181661564992912,5.65,-4.79,5.92,-23.75,42.1875,6.5,1745904688.0490973
142,-0.1636246173744684,-0.33161255787892263,0.23343778745424157,5.88,-5.0600000000000005,5.82,-23.75,42.1875,6.5,1745904688.0694523
143,-0.21271200258680892,-0.2007128639793479,0.13308135546456762,5.82,-5.04,5.8100000000000005,-24.1875,40.6875,5.25,1745904688.0879598
144,-0.23889194136672387,-0.19198621771937624,0.07744898555724837,5.8,-5.12,5.94,-24.1875,40.6875,5.25,1745904688.1093473
145,-0.17671458676442586,-0.30325095753401476,0.16689710972195776,5.86,-5.32,5.84,-24.0625,41.0625,7.6875,1745904688.1281567
146,-0.1908953869368798,-0.27707101875409984,0.37306412761378793,5.88,-5.32,5.71,-24.0625,41.0625,7.6875,1745904688.14936
147,-0.32834006553143325,-0.16035212502697901,0.5661411761156606,5.95,-5.3,5.98,-24.0625,41.0625,7.6875,1745904688.1695945
148,-0.459239759431008,-0.1908953869368798,0.49741883681838395,6.09,-5.49,6.0200000000000005,-24.5,40.6875,7.6875,1745904688.1884325
149,-0.41996985126113556,-0.13199052468207118,0.41996985126113556,5.7700000000000005,-5.75,5.34,-24.5,40.6875,7.6875,1745904688.2094064
150,-0.385063266221249,-0.009817477042468103,0.5399612373357457,5.99,-5.93,5.51,-23.375,40.6875,8.5,1745904688.2284014
151,-0.4374231437810788,0.03381575425739013,0.5530512067257032,5.9,-5.86,5.78,-23.375,40.6875,8.5,1745904688.249468
152,-0.2945243112740431,0.013089969389957472,0.4439681284760576,5.88,-5.82,5.78,-23.375,40.6875,8.5,1745904688.2696898
153,-0.20180369476184434,-0.06326818538479445,0.20943951023931956,5.66,-5.84,5.51,-22.875,41.25,8.875,1745904688.2885242
154,-0.16253378659197193,-0.008726646259971648,0.14289883250703572,5.37,-5.87,5.36,-22.875,41.25,8.875,1745904688.3094246
155,-0.3327033886614191,0.05126904677733343,0.40578905108868163,5.09,-5.87,5.1000000000000005,-22.5625,40.25,9.25,1745904688.3287659
156,-0.6119560689805118,0.10581058590215622,0.7504915783575618,5.2,-6.26,5.09,-22.5625,40.25,9.25,1745904688.3495948
157,-0.7090400086226963,0.0719948316447661,0.8355763793922852,5.18,-6.3500000000000005,5.13,-22.5625,40.25,9.25,1745904688.3696826
158,-0.4406956361285682,-0.04581489286485115,0.5181446216858165,5.3500000000000005,-6.32,5.26,-21.6875,40.875,10.5,1745904688.3888605
159,-0.23452861823673804,-0.0719948316447661,0.29888763440402893,4.95,-6.47,4.93,-21.6875,40.875,10.5,1745904688.4095852
160,-0.2977968036215325,-0.038179077387375956,0.35452000431134817,4.98,-6.37,4.96,-20.5625,40.1875,11.6875,1745904688.429103
161,-0.41233403578366035,0.04908738521234052,0.5083271446433485,4.92,-6.43,4.99,-20.5625,40.1875,11.6875,1745904688.449574
162,-0.45160394395353276,0.05672320068981571,0.5323254218582705,4.8500000000000005,-6.45,5.1000000000000005,-20.5625,40.1875,11.6875,1745904688.4697742
163,-0.46142142099600086,0.02399827721492203,0.5105088062083414,5.03,-6.7,5.12,-20.875,40.1875,12.5625,1745904688.4891899
164,-0.4439681284760576,-0.0818123086872342,0.4112432050011639,5.14,-7.0600000000000005,4.92,-20.875,40.1875,12.5625,1745904688.5095794
165,-0.3916082509162277,-0.05235987755982989,0.35452000431134817,5.12,-7.1000000000000005,4.99,-19.0625,40.0625,12.5625,1745904688.5293767
166,-0.1712604328519436,0.05126904677733343,0.2999784651865254,4.67,-6.9,4.76,-19.0625,40.0625,12.5625,1745904688.549796
167,-0.24980024919168842,0.06763150851478027,0.5115996369908379,4.63,-6.65,4.68,-19.0625,40.0625,12.5625,1745904688.5699973
168,-0.346884188833873,0.04908738521234052,0.5214171140333059,4.78,-6.7700000000000005,5.09,-19.0,40.25,12.875,1745904688.589381
169,-0.32070425005395803,-0.04254240051736178,0.026179938779914945,4.98,-7.12,5.09,-19.0,40.25,12.875,1745904688.609742
170,-0.17016960206944712,-0.05126904677733343,-0.21162117180431245,4.76,-7.390000000000001,4.72,-18.1875,40.0,13.375,1745904688.6296453
171,0.12871803233458182,0.030543261909900768,-0.32288591161895097,4.32,-7.2,4.48,-18.1875,40.0,13.375,1745904688.6497464
172,-0.039269908169872414,0.06981317007977318,0.016362461737446838,4.41,-7.08,4.66,-18.1875,40.0,13.375,1745904688.6699457
173,-0.17998707911191522,-0.011999138607461015,0.10581058590215622,4.63,-7.08,4.94,-18.1875,39.875,13.375,1745904688.6897144
174,-0.09381144729469522,-0.04799655442984406,-0.032724923474893676,4.74,-7.11,4.91,-18.1875,39.875,13.375,1745904688.7097974
175,0.07417649320975901,-0.06872233929727672,-0.2301652951067522,4.69,-7.0600000000000005,4.96,-18.875,39.5,13.875,1745904688.729761
176,0.13744467859455345,-0.0545415391248228,-0.2399827721492203,4.69,-6.97,4.78,-18.875,39.5,13.875,1745904688.7499852
177,0.019634954084936207,0.011999138607461015,-0.09599310885968812,4.62,-6.91,4.7700000000000005,-18.875,39.5,13.875,1745904688.7699206
178,-0.07308566242726255,0.003272492347489368,0.038179077387375956,4.72,-6.87,4.8500000000000005,-19.1875,39.375,14.25,1745904688.789854
179,-0.08508480103472356,-0.061086523819801536,0.05345070834232634,4.86,-6.82,4.97,-19.1875,39.375,14.25,1745904688.8099003
180,-0.04145156973486533,-0.06217735460229799,-0.03490658503988659,4.97,-6.86,4.8500000000000005,-18.75,39.375,13.5,1745904688.8300624
181,0.031634092692397225,-0.009817477042468103,-0.11017390903214205,4.86,-6.9,4.79,-18.75,39.375,13.5,1745904688.8500605
182,0.015271630954950384,0.00545415391248228,-0.016362461737446838,4.73,-6.71,4.76,-18.75,39.375,13.5,1745904688.8700948
183,-0.10144726277217041,-0.011999138607461015,0.1090830782496456,4.6000000000000005,-6.67,4.58,-19.5,39.0,14.0,1745904688.890152
184,-0.19525871006686563,-0.01090830782496456,0.22580197197676638,4.73,-6.79,4.8100000000000005,-19.5,39.0,14.0,1745904688.910212
185,-0.17453292519943295,-0.04254240051736178,0.14944381720201447,4.84,-6.890000000000001,4.89,-19.5,38.6875,14.25,1745904688.9303687
186,-0.1439896632895322,-0.06326818538479445,0.031634092692397225,4.74,-7.05,4.58,-19.5,38.6875,14.25,1745904688.9503813
187,-0.17235126363444003,-0.050178215994836975,0.07853981633974483,4.6000000000000005,-7.0,4.42,-19.5,38.6875,14.25,1745904688.9704187
188,-0.30870511144649704,-0.08072147790473774,0.24434609527920614,4.5200000000000005,-7.12,4.41,-18.375,38.6875,15.5,1745904688.990469
189,-0.40578905108868163,-0.12435470920459599,0.47123889803846897,4.62,-7.08,4.46,-18.375,38.6875,15.5,1745904689.0107043
190,-0.4385139745635753,-0.09817477042468103,0.4788747135159442,4.87,-7.2700000000000005,4.33,-19.1875,39.0,15.5,1745904689.0306606
191,-0.46142142099600086,-0.16689710972195776,0.22252947962927702,4.47,-7.2700000000000005,4.43,-19.1875,39.0,15.5,1745904689.0523012
192,-0.5061454830783556,-0.26616271092913524,0.2748893571891069,4.59,-7.49,4.28,-19.1875,39.0,15.5,1745904689.0706992
193,-0.5443245604657315,-0.18544123302439752,0.5366887449882564,5.0,-7.71,3.7800000000000002,-18.375,39.0,17.5,1745904689.091631
194,-0.4406956361285682,0.01090830782496456,0.4286964975211072,4.69,-7.38,4.39,-18.375,39.0,17.5,1745904689.1124787
195,-0.23671027980173096,0.026179938779914945,0.32615840396644036,4.34,-7.33,4.24,-17.375,38.0,16.6875,1745904689.1309474
196,-0.2683443724941282,0.003272492347489368,0.34797501961636945,4.42,-7.73,3.8000000000000003,-17.375,38.0,16.6875,1745904689.151932
197,-0.42978732830360367,-0.07526732399225546,0.24870941840919197,4.39,-7.73,4.0,-17.375,38.0,16.6875,1745904689.1710062
198,-0.3010692959690218,-0.07308566242726255,0.26398104936414235,4.3500000000000005,-7.68,4.1,-17.6875,38.6875,19.0625,1745904689.191057
199,-0.16253378659197193,0.008726646259971648,0.272707695624114,4.4,-7.72,3.8200000000000003,-17.6875,38.6875,19.0625,1745904689.2121305
200,-0.2399827721492203,0.013089969389957472,0.23125612588924865,4.22,-7.74,3.84,-17.0,38.0,18.6875,1745904689.2312458
201,-0.3272492347489368,-0.07308566242726255,0.1559888018969932,4.21,-7.86,3.93,-17.0,38.0,18.6875,1745904689.2527263
202,-0.2530727415391778,-0.07963064712224129,0.1439896632895322,4.61,-8.01,4.2,-17.0,38.0,18.6875,1745904689.2713425
203,-0.1265363707695889,0.015271630954950384,0.1559888018969932,3.99,-7.87,3.81,-16.5625,37.0625,19.5,1745904689.2931998
204,-0.05890486225480862,0.025089107997418487,0.04690572364734761,4.09,-7.76,3.8000000000000003,-16.5625,37.0625,19.5,1745904689.3156147
205,-0.07744898555724837,-0.06326818538479445,-0.05126904677733343,3.95,-7.94,3.64,-15.5,36.75,18.375,1745904689.331564
206,-0.10581058590215622,-0.09381144729469522,-0.014180800172453928,3.97,-7.98,3.63,-15.5,36.75,18.375,1745904689.353644
207,-0.05890486225480862,-0.04254240051736178,-0.013089969389957472,4.18,-7.97,3.73,-15.5,36.75,18.375,1745904689.3716278
208,0.00545415391248228,-0.03599741582238305,-0.0545415391248228,4.03,-7.92,3.68,-15.75,36.75,18.75,1745904689.3916826
209,-0.028361600344907856,-0.044724062082354694,-0.030543261909900768,3.9,-7.82,3.72,-15.75,36.75,18.75,1745904689.4142113
210,-0.08072147790473774,-0.06544984694978735,-0.011999138607461015,4.11,-7.88,3.69,-16.5,37.5,19.1875,1745904689.431902
211,-0.09708393964218458,-0.1189005552921137,-0.038179077387375956,4.2700000000000005,-8.02,3.8000000000000003,-16.5,37.5,19.1875,1745904689.4551067
212,-0.07963064712224129,-0.12326387842209953,-0.031634092692397225,4.34,-8.06,3.77,-16.5,37.5,19.1875,1745904689.471942
213,-0.044724062082354694,-0.06326818538479445,-0.03599741582238305,4.3500000000000005,-8.09,3.66,-16.0625,36.75,20.375,1745904689.4940488
214,0.001090830782496456,0.001090830782496456,-0.03490658503988659,4.14,-7.98,3.72,-16.0625,36.75,20.375,1745904689.5151472
215,0.004363323129985824,0.0,-0.11344640137963143,4.22,-7.96,3.6,-16.0625,37.0625,19.875,1745904689.5321767
216,-0.015271630954950384,-0.07417649320975901,-0.16580627893946132,4.18,-7.98,3.5300000000000002,-16.0625,37.0625,19.875,1745904689.554992
217,0.04145156973486533,-0.11562806294462433,-0.10690141668465268,4.33,-7.91,3.61,-16.0625,37.0625,19.875,1745904689.5722253
218,0.07417649320975901,-0.10253809355466686,-0.08617563181722002,4.28,-7.65,3.5700000000000003,-16.5,36.0,19.875,1745904689.5936208
219,0.025089107997418487,-0.06872233929727672,-0.04036073895236887,4.33,-7.63,3.56,-16.5,36.0,19.875,1745904689.6157963
220,-0.07744898555724837,-0.09599310885968812,-0.07526732399225546,4.3500000000000005,-7.78,3.5300000000000002,-16.5,36.375,20.375,1745904689.632499
221,-0.06654067773228381,-0.08944812416470939,-0.10035643198967395,4.3500000000000005,-7.91,3.43,-16.5,36.375,20.375,1745904689.6552935
222,-0.02399827721492203,-0.04363323129985824,-0.06217735460229799,4.48,-7.890000000000001,3.54,-16.5,36.375,20.375,1745904689.672602
223,-0.0545415391248228,-0.06654067773228381,-0.0916297857297023,4.41,-7.69,3.61,-16.5,37.0625,20.375,1745904689.6938083
224,-0.08072147790473774,-0.11671889372712078,-0.07526732399225546,4.48,-7.71,3.5100000000000002,-16.5,37.0625,20.375,1745904689.7156708
225,-0.11126473981463851,-0.11780972450961724,-0.06654067773228381,4.49,-7.72,3.45,-17.25,36.0,19.875,1745904689.7328823
226,-0.1407171709420428,-0.055632369907319255,-0.10471975511965978,4.6000000000000005,-7.79,3.31,-17.25,36.0,19.875,1745904689.7556486
227,-0.12871803233458182,-0.001090830782496456,-0.05235987755982989,4.39,-8.01,3.25,-17.25,36.0,19.875,1745904689.7728868
228,-0.10253809355466686,-0.020725784867432664,0.039269908169872414,4.55,-7.96,3.47,-17.25,35.6875,21.1875,1745904689.7943473
229,-0.06763150851478027,-0.061086523819801536,-0.002181661564992912,4.5,-7.84,3.44,-17.25,35.6875,21.1875,1745904689.8159835
230,-0.07308566242726255,-0.08072147790473774,-0.1407171709420428,4.41,-7.65,3.41,-17.5625,36.375,20.6875,1745904689.8331466
231,-0.13199052468207118,-0.13962634015954636,-0.21925698728178766,4.24,-7.8100000000000005,3.13,-17.5625,36.375,20.6875,1745904689.8559725
232,-0.1439896632895322,-0.12871803233458182,-0.011999138607461015,4.69,-8.02,3.37,-17.5625,36.375,20.6875,1745904689.8734286
233,-0.16144295580947549,-0.10690141668465268,0.04690572364734761,4.62,-7.86,3.22,-18.0,35.25,21.5625,1745904689.8959744
234,-0.11780972450961724,-0.08835729338221293,-0.05781403147231216,4.5200000000000005,-7.87,3.14,-18.0,35.25,21.5625,1745904689.916164
235,-0.12217304763960307,-0.05126904677733343,-0.08835729338221293,4.5200000000000005,-7.98,3.15,-17.5625,35.25,21.5625,1745904689.9335165
236,-0.0818123086872342,-0.038179077387375956,-0.04799655442984406,4.57,-7.95,3.38,-17.5625,35.25,21.5625,1745904689.9561553
237,-0.031634092692397225,-0.006544984694978736,0.03490658503988659,4.76,-7.930000000000001,3.1,-17.5625,35.25,21.5625,1745904689.9735765
238,-0.05999569303730508,0.02399827721492203,-0.04036073895236887,4.68,-7.78,3.33,-17.25,35.25,21.1875,1745904689.9952834
239,-0.07963064712224129,0.001090830782496456,-0.10035643198967395,4.54,-7.76,3.17,-17.25,35.25,21.1875,1745904690.016225
240,-0.13853550937704992,-0.013089969389957472,-0.08399397025222712,4.43,-7.8100000000000005,2.93,-17.25,35.6875,20.6875,1745904690.0340722
241,-0.2203478180642841,0.020725784867432664,0.032724923474893676,4.38,-7.8100000000000005,2.95,-17.25,35.6875,20.6875,1745904690.0561433
242,-0.2694352032766246,0.04363323129985824,0.1407171709420428,4.76,-7.92,3.0300000000000002,-17.25,35.6875,20.6875,1745904690.0741007
243,-0.30870511144649704,-0.06981317007977318,0.20289452554434081,4.45,-8.25,3.14,-17.5625,34.5625,21.1875,1745904690.095905
244,-0.3490658503988659,-0.07744898555724837,0.13308135546456762,4.84,-8.31,2.81,-17.5625,34.5625,21.1875,1745904690.1163769
245,-0.3981532356112064,-0.004363323129985824,0.19744037163185854,4.68,-8.52,2.81,-17.25,34.5625,22.25,1745904690.1343057
246,-0.47123889803846897,-0.014180800172453928,0.11562806294462433,4.7700000000000005,-8.41,3.27,-17.25,34.5625,22.25,1745904690.1562371
247,-0.3534291735288517,-0.08508480103472356,0.06217735460229799,4.48,-8.34,2.91,-17.25,34.5625,22.25,1745904690.1744518
248,-0.29670597283903605,-0.014180800172453928,0.20725784867432664,4.69,-8.51,2.65,-17.5625,34.5625,22.6875,1745904690.1963236
249,-0.3567016658763411,0.10471975511965978,0.3141592653589793,4.49,-8.47,2.79,-17.5625,34.5625,22.6875,1745904690.2165782
250,-0.27598018797160334,0.136353847812057,0.3916082509162277,4.2,-8.21,2.74,-17.5625,34.1875,22.375,1745904690.2346046
251,-0.20725784867432664,0.07635815477475191,0.37306412761378793,4.19,-8.01,2.91,-17.5625,34.1875,22.375,1745904690.2563977
252,-0.28034351110158917,0.030543261909900768,0.2279836335417593,4.45,-8.06,2.7,-16.375,34.5,23.0625,1745904690.2746923
253,-0.4308781590861001,0.06544984694978735,0.09272061651219876,3.89,-8.56,2.25,-16.375,34.5,23.0625,1745904690.2963834
254,-0.5366887449882564,0.09272061651219876,0.23561944901923448,3.89,-8.58,2.34,-16.375,34.5,23.0625,1745904690.3165722
255,-0.43524148221608594,0.08399397025222712,0.5312345910757741,4.08,-8.63,2.4,-16.75,34.5,23.0625,1745904690.3349688
256,-0.38724492778624187,0.013089969389957472,0.46142142099600086,4.1,-8.35,2.25,-16.75,34.5,23.0625,1745904690.3564374
257,-0.5606870222031783,-0.014180800172453928,0.11562806294462433,4.15,-8.59,2.06,-16.0625,33.375,24.25,1745904690.3750591
258,-0.6632251157578453,-0.017453292519943295,0.10690141668465268,3.47,-8.81,1.73,-16.0625,33.375,24.25,1745904690.3964617
259,-0.4112432050011639,0.026179938779914945,0.3294308963139297,4.55,-8.73,2.2,-16.0625,33.375,24.25,1745904690.4167044
260,-0.2476185876266955,0.001090830782496456,0.3392483733563978,3.83,-8.32,2.18,-16.75,33.375,24.6875,1745904690.435425
261,-0.3043417883165112,0.04254240051736178,0.21707532571679475,3.94,-8.85,1.42,-16.75,33.375,24.6875,1745904690.4566455
262,-0.5835944686356039,0.061086523819801536,0.07853981633974483,3.69,-9.01,1.71,-15.375,33.0625,25.0625,1745904690.4754984
263,-0.4439681284760576,-0.007635815477475192,0.34797501961636945,4.23,-8.67,2.0300000000000002,-15.375,33.0625,25.0625,1745904690.4966125
264,-0.1308996938995747,-0.04254240051736178,0.4559672670835186,4.07,-8.47,1.8,-15.375,33.0625,25.0625,1745904690.5167396
265,-0.10471975511965978,-0.004363323129985824,0.16798794050445423,3.87,-8.42,1.79,-15.375,32.5625,25.5,1745904690.5357122
266,-0.3076142806640006,0.044724062082354694,-0.07090400086226964,3.13,-8.96,1.42,-15.375,32.5625,25.5,1745904690.5567315
267,-0.45487643630102215,0.003272492347489368,0.11235557059713497,3.41,-9.11,1.72,-15.75,33.0,24.25,1745904690.5757627
268,-0.29561514205653955,-0.05345070834232634,0.4286964975211072,3.99,-8.75,1.73,-15.75,33.0,24.25,1745904690.5966623
269,-0.20943951023931956,-0.0545415391248228,0.2923426497090502,3.8200000000000003,-8.64,1.58,-15.75,33.0,24.25,1745904690.6169128
270,-0.28579766501407144,0.02181661564992912,-0.14835298641951802,3.13,-9.08,1.41,-15.0625,32.5,25.5,1745904690.636013
271,-0.27598018797160334,0.04145156973486533,-0.17998707911191522,3.29,-9.17,1.3,-15.0625,32.5,25.5,1745904690.6568918
272,-0.13744467859455345,-0.004363323129985824,0.29670597283903605,3.63,-8.950000000000001,1.2,-15.5,31.6875,25.5,1745904690.6759644
273,-0.3327033886614191,-0.009817477042468103,0.3883357585687383,3.91,-8.790000000000001,1.06,-15.5,31.6875,25.5,1745904690.6967432
274,-0.595593607243065,-0.001090830782496456,0.10253809355466686,3.77,-9.24,2.0300000000000002,-15.5,31.6875,25.5,1745904690.7170274
275,-0.605411084285533,-0.11780972450961724,-0.037088246604879506,3.09,-8.77,1.72,-15.0625,32.0,26.75,1745904690.736349
276,-0.10144726277217041,0.038179077387375956,0.39924406639370286,3.67,-9.19,0.99,-15.0625,32.0,26.75,1745904690.7568676
277,-0.20725784867432664,0.03599741582238305,0.33597588100890846,3.38,-9.0,0.79,-14.0,31.0,26.375,1745904690.7763932
278,-0.5323254218582705,0.018544123302439753,0.11017390903214205,3.16,-9.18,1.04,-14.0,31.0,26.375,1745904690.796793
279,-0.2977968036215325,-0.01090830782496456,0.30870511144649704,3.4,-9.01,1.19,-14.0,31.0,26.375,1745904690.817031
280,-0.2083486794568231,-0.0272707695624114,0.32179508083645453,3.39,-8.63,0.78,-14.0,31.25,27.5625,1745904690.8367245
281,-0.5225079448158024,0.028361600344907856,-0.10690141668465268,3.2600000000000002,-9.19,0.24,-14.0,31.25,27.5625,1745904690.857094
282,-0.6894050545377601,0.05890486225480862,-0.15707963267948966,3.17,-9.23,1.44,-14.0,31.0,28.0,1745904690.8766952
283,-0.210530341021816,-0.05890486225480862,-0.038179077387375956,3.02,-8.98,0.93,-14.0,31.0,28.0,1745904690.8969648
284,0.07744898555724837,-0.06326818538479445,0.0719948316447661,3.5300000000000002,-8.91,0.48,-14.0,31.0,28.0,1745904690.9172149
285,-0.02945243112740431,-0.00545415391248228,0.08290313946973066,3.2800000000000002,-9.05,0.15,-15.5,30.5625,29.0625,1745904690.937089
286,-0.5683228376806536,0.11999138607461016,0.14835298641951802,2.82,-9.290000000000001,0.52,-15.5,30.5625,29.0625,1745904690.9571161
287,-0.38724492778624187,-0.018544123302439753,0.2552544031041707,3.0100000000000002,-9.55,0.92,-14.25,29.375,28.1875,1745904690.9772494
288,0.0272707695624114,-0.07963064712224129,0.2923426497090502,4.28,-9.26,0.98,-14.25,29.375,28.1875,1745904690.9971116
289,-0.07853981633974483,-0.12326387842209953,0.04908738521234052,2.59,-8.86,-0.12,-14.25,29.375,28.1875,1745904691.0172703
290,-0.14508049407202864,0.09381144729469522,0.12326387842209953,3.0100000000000002,-8.99,0.43,-14.25,30.5,29.0625,1745904691.0370934
291,-0.3861540970037454,0.09490227807719166,0.3196134192714616,3.0,-9.13,0.17,-14.25,30.5,29.0625,1745904691.0571406
292,-0.543233729683235,0.028361600344907856,0.28034351110158917,3.27,-9.450000000000001,0.73,-13.5625,29.375,29.375,1745904691.0771496
293,-0.23343778745424157,-0.032724923474893676,0.12544553998709243,3.0300000000000002,-8.88,0.8300000000000001,-13.5625,29.375,29.375,1745904691.097192
294,0.2748893571891069,-0.02181661564992912,-0.0916297857297023,2.97,-8.9,0.53,-13.5625,29.375,29.375,1745904691.1172717
295,0.23125612588924865,0.06981317007977318,-0.026179938779914945,2.7,-9.01,-0.31,-13.25,29.375,29.0625,1745904691.137465
296,-0.3021601267515183,0.12871803233458182,0.1407171709420428,2.8000000000000003,-9.13,-0.32,-13.25,29.375,29.0625,1745904691.1579716
297,-0.40033489717619936,0.04581489286485115,0.12980886311707826,3.04,-9.25,0.91,-13.5625,29.375,30.5625,1745904691.1774716
298,0.07853981633974483,-0.0916297857297023,-0.017453292519943295,3.27,-9.18,0.42,-13.5625,29.375,30.5625,1745904691.1975288
299,0.21380283336930536,-0.04799655442984406,-0.15489797111449674,3.18,-9.25,-0.1,-13.5625,29.375,30.5625,1745904691.2175882
300,-0.022907446432425576,0.10362892433716332,-0.00545415391248228,3.0500000000000003,-9.38,0.08,-14.25,29.375,29.375,1745904691.2379842
301,-0.1712604328519436,0.06872233929727672,0.10362892433716332,3.0,-9.39,0.45,-14.25,29.375,29.375,1745904691.2588708
302,-0.07744898555724837,-0.007635815477475192,0.12217304763960307,3.15,-9.17,0.52,-13.5625,28.875,29.0625,1745904691.2778306
303,-0.07417649320975901,-0.018544123302439753,0.04799655442984406,3.08,-9.200000000000001,0.17,-13.5625,28.875,29.0625,1745904691.2983801
304,-0.20180369476184434,0.020725784867432664,0.10581058590215622,2.84,-9.540000000000001,-0.06,-13.5625,28.875,29.0625,1745904691.31789
305,-0.10581058590215622,0.014180800172453928,0.07744898555724837,2.94,-9.4,0.25,-14.6875,29.25,29.375,1745904691.3393342
306,0.13962634015954636,-0.04799655442984406,-0.04908738521234052,3.0300000000000002,-9.08,0.2,-14.6875,29.25,29.375,1745904691.3596077
307,0.06326818538479445,-0.04036073895236887,-0.11562806294462433,2.84,-9.13,-0.17,-13.5625,28.5625,29.0625,1745904691.3781118
308,-0.12980886311707826,0.00545415391248228,-0.055632369907319255,2.81,-9.290000000000001,0.07,-13.5625,28.5625,29.0625,1745904691.3992383
309,-0.10362892433716332,-0.031634092692397225,0.0,3.0700000000000003,-9.32,0.35000000000000003,-13.5625,28.5625,29.0625,1745904691.418209
310,0.04690572364734761,-0.05345070834232634,-0.032724923474893676,3.0500000000000003,-9.18,0.31,-15.0625,29.25,29.75,1745904691.439673
311,0.05781403147231216,-0.05672320068981571,-0.09926560120717749,3.13,-8.94,0.13,-15.0625,29.25,29.75,1745904691.459515
312,0.001090830782496456,-0.003272492347489368,-0.15489797111449674,3.0300000000000002,-9.02,0.07,-13.5625,29.25,29.0625,1745904691.4784448
313,-0.05781403147231216,0.04145156973486533,-0.04254240051736178,2.83,-9.13,0.2,-13.5625,29.25,29.0625,1745904691.4988155
314,-0.061086523819801536,-0.015271630954950384,0.04799655442984406,2.95,-9.21,0.13,-13.5625,29.25,29.0625,1745904691.518553
315,-0.004363323129985824,-0.05235987755982989,0.05345070834232634,3.1,-9.290000000000001,0.06,-14.0,28.5625,28.5625,1745904691.5389853
316,0.011999138607461015,-0.016362461737446838,0.050178215994836975,3.0100000000000002,-9.120000000000001,0.11,-14.0,28.5625,28.5625,1745904691.5609603
317,-0.039269908169872414,0.001090830782496456,0.02945243112740431,2.7800000000000002,-9.06,0.05,-14.25,29.25,29.375,1745904691.578755
318,-0.06217735460229799,0.009817477042468103,0.015271630954950384,2.79,-9.24,0.14,-14.25,29.25,29.375,1745904691.6000154
319,0.01090830782496456,-0.009817477042468103,-0.07853981633974483,2.84,-9.33,0.11,-14.25,29.25,29.375,1745904691.6188529
320,0.07417649320975901,-0.028361600344907856,-0.08508480103472356,3.06,-9.16,0.13,-14.0,29.5625,29.75,1745904691.6390154
321,-0.006544984694978736,-0.006544984694978736,-0.03381575425739013,3.0700000000000003,-9.24,0.09,-14.0,29.5625,29.75,1745904691.6615198
322,-0.08944812416470939,0.006544984694978736,0.04908738521234052,3.11,-9.34,0.18,-14.25,29.25,30.1875,1745904691.6790717
323,-0.020725784867432664,-0.013089969389957472,-0.030543261909900768,2.9,-9.11,0.16,-14.25,29.25,30.1875,1745904691.7009037
324,0.10144726277217041,-0.008726646259971648,-0.03490658503988659,3.16,-9.14,0.18,-14.25,29.25,30.1875,1745904691.719241
325,0.06217735460229799,-0.01090830782496456,-0.007635815477475192,3.0100000000000002,-9.08,-0.04,-14.0,28.1875,29.375,1745904691.739854
326,-0.07963064712224129,0.004363323129985824,0.03599741582238305,3.02,-9.13,0.13,-14.0,28.1875,29.375,1745904691.761919
327,-0.04799655442984406,-0.020725784867432664,0.004363323129985824,3.0300000000000002,-9.18,0.24,-13.5625,28.875,29.875,1745904691.779364
328,0.08944812416470939,-0.003272492347489368,-0.04908738521234052,2.97,-9.18,0.11,-13.5625,28.875,29.875,1745904691.80148
329,0.06872233929727672,0.013089969389957472,-0.011999138607461015,2.96,-9.24,-0.07,-13.5625,28.875,29.875,1745904691.8194757
330,-0.0719948316447661,0.015271630954950384,0.031634092692397225,3.0300000000000002,-9.39,-0.02,-13.5625,28.5625,31.0625,1745904691.8423808
331,-0.05235987755982989,0.025089107997418487,0.09817477042468103,3.02,-9.290000000000001,0.3,-13.5625,28.5625,31.0625,1745904691.8625064
332,0.07308566242726255,-0.019634954084936207,0.017453292519943295,3.1,-9.18,0.24,-14.0,28.875,29.375,1745904691.8797054
333,0.13744467859455345,-0.015271630954950384,-0.11344640137963143,3.0700000000000003,-9.14,0.11,-14.0,28.875,29.375,1745904691.902235
334,0.08835729338221293,0.0272707695624114,-0.1189005552921137,2.87,-9.15,0.01,-14.0,28.875,29.375,1745904691.9197671
335,0.006544984694978736,0.04908738521234052,0.04254240051736178,2.91,-9.21,0.16,-14.6875,28.875,29.0625,1745904691.9410088
336,-0.00545415391248228,-0.007635815477475192,0.022907446432425576,3.13,-9.23,0.32,-14.6875,28.875,29.0625,1745904691.963034
337,0.06981317007977318,-0.028361600344907856,-0.10581058590215622,3.11,-9.22,0.24,-14.25,29.25,29.0625,1745904691.979975
338,0.1265363707695889,0.018544123302439753,-0.13199052468207118,3.06,-9.13,0.15,-14.25,29.25,29.0625,1745904692.002405
339,0.09053895494720585,0.04908738521234052,-0.07853981633974483,3.0500000000000003,-9.19,0.16,-14.25,29.25,29.0625,1745904692.0201163
340,0.015271630954950384,0.039269908169872414,-0.016362461737446838,3.0300000000000002,-9.25,0.23,-14.25,29.5625,29.375,1745904692.0421221
341,0.04036073895236887,0.04690572364734761,-0.016362461737446838,3.06,-9.24,0.36,-14.25,29.5625,29.375,1745904692.0632486
342,0.12871803233458182,0.006544984694978736,-0.05126904677733343,3.02,-9.23,0.39,-13.5625,28.875,29.375,1745904692.0802946
343,0.16253378659197193,0.011999138607461015,-0.06654067773228381,3.0,-9.16,0.24,-13.5625,28.875,29.375,1745904692.1028273
344,0.12217304763960307,0.031634092692397225,-0.06435901616729091,3.0300000000000002,-9.08,0.42,-13.5625,28.875,29.375,1745904692.1203973
345,0.1090830782496456,0.007635815477475192,-0.14508049407202864,3.0100000000000002,-9.1,0.44,-15.0625,28.875,28.6875,1745904692.1419802
346,0.14944381720201447,0.016362461737446838,-0.1832595714594046,3.06,-9.11,0.42,-15.0625,28.875,28.6875,1745904692.163566
347,0.15271630954950383,0.009817477042468103,-0.21707532571679475,3.16,-9.27,0.4,-15.0625,29.25,27.875,1745904692.1805773
348,0.1341721862470641,-0.004363323129985824,-0.13962634015954636,3.18,-9.25,0.44,-15.0625,29.25,27.875,1745904692.2031784
349,0.11562806294462433,-0.028361600344907856,-0.013089969389957472,3.36,-9.17,0.61,-15.0625,29.25,27.875,1745904692.2206988
350,0.09599310885968812,-0.018544123302439753,0.018544123302439753,3.33,-9.1,0.48,-15.0625,28.875,29.375,1745904692.242407
351,0.07744898555724837,0.02181661564992912,0.020725784867432664,3.25,-9.15,0.51,-15.0625,28.875,29.375,1745904692.2635536
352,0.09381144729469522,0.032724923474893676,-0.05781403147231216,3.31,-9.22,0.48,-15.0625,30.0,28.6875,1745904692.2808993
353,0.1265363707695889,0.009817477042468103,-0.14944381720201447,3.29,-9.24,0.51,-15.0625,30.0,28.6875,1745904692.3034627
354,0.14835298641951802,0.032724923474893676,-0.136353847812057,3.17,-9.24,0.37,-15.0625,30.0,28.6875,1745904692.3209941
355,0.15162547876700738,0.05235987755982989,0.020725784867432664,3.21,-9.16,0.59,-15.75,29.25,29.0625,1745904692.3427207
356,0.1559888018969932,-0.007635815477475192,0.07963064712224129,3.43,-9.07,0.59,-15.75,29.25,29.0625,1745904692.363631
357,0.136353847812057,-0.03490658503988659,-0.07744898555724837,3.54,-9.05,0.6,-15.5,30.375,28.1875,1745904692.3814378
358,0.1407171709420428,-0.001090830782496456,-0.22580197197676638,3.33,-9.08,0.63,-15.5,30.375,28.1875,1745904692.4034958
359,0.15817046346198613,0.026179938779914945,-0.0916297857297023,3.25,-9.040000000000001,0.61,-15.5,30.375,28.1875,1745904692.421486
360,0.12217304763960307,0.006544984694978736,0.039269908169872414,3.31,-9.03,0.55,-15.0625,30.375,29.375,1745904692.4434996
361,0.06872233929727672,-0.008726646259971648,0.05126904677733343,3.42,-8.96,0.79,-15.0625,30.375,29.375,1745904692.463768
362,0.09926560120717749,-0.013089969389957472,-0.06435901616729091,3.48,-9.0,0.8200000000000001,-15.5,30.75,29.0625,1745904692.4817772
363,0.11344640137963143,0.003272492347489368,-0.1734420944169365,3.2600000000000002,-9.07,0.62,-15.5,30.75,29.0625,1745904692.5037878
364,0.09381144729469522,0.04145156973486533,-0.09708393964218458,3.22,-9.07,0.67,-15.5,30.75,29.0625,1745904692.5218794
365,0.10144726277217041,0.008726646259971648,0.006544984694978736,3.38,-8.97,0.7000000000000001,-15.5,30.75,29.0625,1745904692.5437026
366,0.10799224746714914,-0.02399827721492203,-0.013089969389957472,3.45,-9.06,0.75,-15.5,30.75,29.0625,1745904692.5640004
367,0.11453723216212788,-0.00545415391248228,-0.09926560120717749,3.43,-9.05,0.72,-15.0625,31.375,28.1875,1745904692.5819924
368,0.11017390903214205,0.04799655442984406,-0.09490227807719166,3.3200000000000003,-9.17,0.66,-15.0625,31.375,28.1875,1745904692.603756
369,0.08290313946973066,0.05781403147231216,0.014180800172453928,3.3000000000000003,-9.14,0.6900000000000001,-15.0625,31.0,28.6875,1745904692.6223218
370,0.10581058590215622,0.014180800172453928,0.06435901616729091,3.49,-8.94,0.81,-15.0625,31.0,28.6875,1745904692.6438804
371,0.1538071403320003,-0.007635815477475192,-0.018544123302439753,3.4,-8.93,0.74,-15.0625,31.0,28.6875,1745904692.664269
372,0.11235557059713497,0.032724923474893676,-0.07635815477475191,3.38,-8.94,0.84,-15.0625,32.0625,27.0625,1745904692.6823595
373,0.05235987755982989,0.030543261909900768,-0.013089969389957472,3.48,-8.790000000000001,0.98,-15.0625,32.0625,27.0625,1745904692.7038066
374,0.02945243112740431,-0.003272492347489368,0.026179938779914945,3.42,-8.88,0.91,-15.5,31.25,26.25,1745904692.7236066
375,0.00545415391248228,0.0,-0.008726646259971648,3.47,-9.040000000000001,0.79,-15.5,31.25,26.25,1745904692.7441306
376,-0.016362461737446838,0.022907446432425576,-0.009817477042468103,3.41,-9.1,0.86,-15.5,31.25,26.25,1745904692.764226
377,0.006544984694978736,0.017453292519943295,0.03490658503988659,3.49,-9.08,1.03,-16.5,32.5,27.5,1745904692.7826931
378,0.07526732399225546,-0.01090830782496456,0.025089107997418487,3.5100000000000002,-9.0,0.9,-16.5,32.5,27.5,1745904692.8039994
379,0.09053895494720585,0.011999138607461015,-0.07308566242726255,3.38,-8.950000000000001,0.89,-15.5,31.25,28.75,1745904692.8228369
380,0.037088246604879506,0.039269908169872414,-0.0818123086872342,3.25,-9.01,0.91,-15.5,31.25,28.75,1745904692.8441641
381,-0.00545415391248228,0.01090830782496456,0.030543261909900768,3.36,-9.09,0.8300000000000001,-15.5,31.25,28.75,1745904692.8642685
382,-0.007635815477475192,-0.003272492347489368,0.10144726277217041,3.5,-9.14,0.9500000000000001,-15.0625,31.6875,27.5,1745904692.8830144
383,0.037088246604879506,0.004363323129985824,0.030543261909900768,3.4,-9.14,1.01,-15.0625,31.6875,27.5,1745904692.9040623
384,0.10471975511965978,-0.016362461737446838,-0.02399827721492203,3.46,-9.0,0.96,-15.5,31.25,26.6875,1745904692.9230504
385,0.10035643198967395,-0.025089107997418487,-0.0719948316447661,3.4,-8.94,1.02,-15.5,31.25,26.6875,1745904692.9442081
386,0.05126904677733343,0.009817477042468103,-0.05126904677733343,3.42,-8.91,1.03,-15.5,31.25,26.6875,1745904692.964362
387,0.038179077387375956,-0.004363323129985824,-0.002181661564992912,3.52,-8.94,1.05,-15.75,32.5,28.25,1745904692.983362
388,0.0545415391248228,-0.03490658503988659,-0.016362461737446838,3.56,-8.94,0.89,-15.75,32.5,28.25,1745904693.0042708
389,0.05890486225480862,-0.022907446432425576,-0.06654067773228381,3.49,-9.07,0.9500000000000001,-15.0625,32.0625,28.75,1745904693.023397
390,0.04908738521234052,0.013089969389957472,-0.061086523819801536,3.48,-9.03,0.9400000000000001,-15.0625,32.0625,28.75,1745904693.0442042
391,0.06326818538479445,0.014180800172453928,-0.002181661564992912,3.5,-8.950000000000001,1.05,-15.0625,32.0625,28.75,1745904693.0644472
392,0.08617563181722002,-0.015271630954950384,0.05126904677733343,3.5700000000000003,-8.93,0.93,-15.75,32.5,28.6875,1745904693.0836744
393,0.055632369907319255,-0.01090830782496456,-0.013089969389957472,3.56,-8.98,0.9,-15.75,32.5,28.6875,1745904693.1042256
394,0.03381575425739013,-0.00545415391248228,-0.037088246604879506,3.52,-8.91,1.05,-15.0625,32.0625,27.5625,1745904693.123797
395,0.05235987755982989,0.01090830782496456,-0.015271630954950384,3.52,-8.85,1.18,-15.0625,32.0625,27.5625,1745904693.1442606
396,0.04145156973486533,0.002181661564992912,-0.004363323129985824,3.52,-8.870000000000001,1.08,-15.0625,32.0625,27.5625,1745904693.1644444
397,-0.03599741582238305,0.02181661564992912,0.02945243112740431,3.49,-9.01,1.03,-15.0625,33.1875,28.0,1745904693.1843123
398,-0.05890486225480862,0.044724062082354694,0.04363323129985824,3.44,-9.09,1.16,-15.0625,33.1875,28.0,1745904693.2043817
399,0.007635815477475192,0.0272707695624114,-0.011999138607461015,3.3200000000000003,-9.06,1.2,-15.5,32.75,27.1875,1745904693.2243195
400,0.06654067773228381,0.013089969389957472,-0.007635815477475192,3.38,-9.09,0.93,-15.5,32.75,27.1875,1745904693.2445028
401,0.04145156973486533,0.019634954084936207,0.0,3.49,-9.120000000000001,1.0,-15.5,32.75,27.1875,1745904693.2646003
402,0.044724062082354694,0.009817477042468103,-0.009817477042468103,3.56,-9.05,1.16,-15.0625,32.5,27.5625,1745904693.2843237
403,0.08944812416470939,0.011999138607461015,-0.037088246604879506,3.61,-8.93,1.21,-15.0625,32.5,27.5625,1745904693.304396
404,0.10035643198967395,0.025089107997418487,-0.05781403147231216,3.42,-8.85,1.18,-15.5,32.0625,27.5625,1745904693.3243601
405,0.05999569303730508,0.04036073895236887,-0.020725784867432664,3.24,-8.91,1.12,-15.5,32.0625,27.5625,1745904693.3445425
406,0.025089107997418487,0.0,0.04581489286485115,3.4,-8.98,1.11,-15.5,32.0625,27.5625,1745904693.364729
407,0.006544984694978736,-0.031634092692397225,0.0,3.62,-9.0,1.25,-15.0625,32.75,28.0,1745904693.3844032
408,0.038179077387375956,0.0,-0.050178215994836975,3.5700000000000003,-9.0,1.25,-15.0625,32.75,28.0,1745904693.4044933
409,0.05672320068981571,0.0272707695624114,-0.039269908169872414,3.41,-8.98,1.09,-15.5,32.5,28.0,1745904693.424604
410,0.04145156973486533,0.016362461737446838,0.022907446432425576,3.37,-8.950000000000001,1.12,-15.5,32.5,28.0,1745904693.444789
411,0.020725784867432664,-0.007635815477475192,0.04581489286485115,3.5,-8.91,1.23,-15.5,32.5,28.0,1745904693.46473
412,0.0272707695624114,-0.015271630954950384,-0.007635815477475192,3.5500000000000003,-8.89,1.26,-15.0625,32.5,26.375,1745904693.4847932
413,0.044724062082354694,-0.006544984694978736,-0.1189005552921137,3.5,-8.91,1.28,-15.0625,32.5,26.375,1745904693.5047743
414,0.055632369907319255,0.01090830782496456,-0.11344640137963143,3.4,-8.9,1.08,-16.0625,32.5,26.25,1745904693.5248241
415,0.008726646259971648,0.0272707695624114,-0.013089969389957472,3.42,-8.94,1.1400000000000001,-16.0625,32.5,26.25,1745904693.545671
416,-0.009817477042468103,-0.001090830782496456,0.05781403147231216,3.46,-8.92,1.25,-16.0625,32.5,26.25,1745904693.5649707
417,0.026179938779914945,-0.038179077387375956,0.018544123302439753,3.62,-8.9,1.33,-15.0625,32.0625,27.5625,1745904693.5850215
418,0.0545415391248228,-0.013089969389957472,-0.08072147790473774,3.52,-8.92,1.1500000000000001,-15.0625,32.0625,27.5625,1745904693.6053896
419,0.003272492347489368,0.05126904677733343,-0.05781403147231216,3.42,-8.96,1.1400000000000001,-15.375,32.75,27.5,1745904693.6251233
420,-0.05235987755982989,0.037088246604879506,0.026179938779914945,3.56,-8.98,1.18,-15.375,32.75,27.5,1745904693.6463687
421,-0.04036073895236887,-0.015271630954950384,0.030543261909900768,3.63,-9.03,1.2,-15.375,32.75,27.5,1745904693.6653054
422,0.002181661564992912,-0.008726646259971648,0.026179938779914945,3.67,-9.05,1.1400000000000001,-15.75,33.1875,26.75,1745904693.6857107
423,0.014180800172453928,0.02181661564992912,-0.018544123302439753,3.67,-9.05,1.23,-15.75,33.1875,26.75,1745904693.706348
424,0.014180800172453928,0.02181661564992912,-0.04799655442984406,3.61,-9.040000000000001,1.16,-16.0625,32.5,27.1875,1745904693.7254453
425,0.04036073895236887,0.0272707695624114,0.04036073895236887,3.62,-8.92,1.26,-16.0625,32.5,27.1875,1745904693.7471073
426,0.04690572364734761,0.013089969389957472,0.03599741582238305,3.56,-8.89,1.26,-16.0625,32.5,27.1875,1745904693.7656114
427,0.02399827721492203,0.017453292519943295,0.011999138607461015,3.52,-8.91,1.28,-15.0625,32.5,27.1875,1745904693.7873404
428,0.00545415391248228,0.009817477042468103,0.003272492347489368,3.46,-8.85,1.3,-15.0625,32.5,27.1875,1745904693.8076448
429,0.016362461737446838,-0.002181661564992912,-0.013089969389957472,3.47,-8.81,1.31,-16.0625,33.1875,27.5625,1745904693.8273919
430,0.0272707695624114,0.008726646259971648,-0.0272707695624114,3.47,-8.85,1.28,-16.0625,33.1875,27.5625,1745904693.8478715
431,0.00545415391248228,0.016362461737446838,-0.011999138607461015,3.34,-8.85,1.17,-16.0625,33.1875,27.5625,1745904693.8659496
432,-0.0272707695624114,0.025089107997418487,0.028361600344907856,3.39,-8.93,1.23,-14.6875,32.75,26.75,1745904693.8878558
433,-0.04145156973486533,-0.002181661564992912,-0.004363323129985824,3.35,-9.03,1.28,-14.6875,32.75,26.75,1745904693.9083426
434,0.006544984694978736,-0.01090830782496456,0.001090830782496456,3.5300000000000002,-9.07,1.35,-15.5,32.75,27.1875,1745904693.9285357
435,0.037088246604879506,-0.030543261909900768,-0.02945243112740431,3.61,-9.1,1.26,-15.5,32.75,27.1875,1745904693.9485424
436,0.04908738521234052,-0.018544123302439753,-0.06872233929727672,3.63,-9.07,1.29,-15.5,32.75,27.1875,1745904693.9662626
437,0.05781403147231216,0.006544984694978736,-0.04036073895236887,3.5500000000000003,-9.0,1.31,-16.0625,32.75,28.0,1745904693.9882338
438,0.03599741582238305,0.026179938779914945,0.03381575425739013,3.49,-8.99,1.23,-16.0625,32.75,28.0,1745904694.008699
439,-0.006544984694978736,0.025089107997418487,0.04908738521234052,3.41,-9.01,1.28,-15.75,32.5,27.1875,1745904694.0264232
440,0.018544123302439753,0.002181661564992912,0.016362461737446838,3.58,-8.950000000000001,1.3,-15.75,32.5,27.1875,1745904694.0496151
441,0.0818123086872342,-0.0272707695624114,-0.06326818538479445,3.52,-8.88,1.17,-15.75,32.5,27.1875,1745904694.0665786
442,0.07853981633974483,0.001090830782496456,-0.04690572364734761,3.52,-8.82,1.27,-15.5,33.1875,26.375,1745904694.0890582
443,0.015271630954950384,0.003272492347489368,0.020725784867432664,3.52,-8.84,1.29,-15.5,33.1875,26.375,1745904694.1099079
444,-0.02945243112740431,-0.006544984694978736,0.032724923474893676,3.59,-8.9,1.31,-15.5,32.5,27.5625,1745904694.1267436
445,-0.00545415391248228,-0.01090830782496456,-0.018544123302439753,3.59,-8.89,1.25,-15.5,32.5,27.5625,1745904694.1502001
446,0.04145156973486533,0.008726646259971648,-0.05345070834232634,3.56,-8.84,1.27,-15.5,32.5,27.5625,1745904694.1669283
447,0.037088246604879506,0.004363323129985824,-0.05890486225480862,3.5300000000000002,-8.81,1.31,-15.75,33.5,27.1875,1745904694.1899788
448,-0.006544984694978736,-0.015271630954950384,-0.004363323129985824,3.58,-8.84,1.23,-15.75,33.5,27.1875,1745904694.210184
449,-0.03490658503988659,-0.014180800172453928,0.03490658503988659,3.6,-8.93,1.37,-15.0625,32.75,25.5625,1745904694.2270513
450,-0.009817477042468103,-0.002181661564992912,0.04581489286485115,3.65,-8.97,1.3900000000000001,-15.0625,32.75,25.5625,1745904694.2507
451,0.02399827721492203,0.001090830782496456,-0.02945243112740431,3.6,-8.96,1.36,-15.0625,32.75,25.5625,1745904694.267357
452,0.04690572364734761,0.0,-0.06763150851478027,3.48,-8.97,1.33,-15.75,33.1875,29.1875,1745904694.2903576
453,0.022907446432425576,0.02181661564992912,-0.009817477042468103,3.48,-8.97,1.35,-15.75,33.1875,29.1875,1745904694.3105056
454,-0.03599741582238305,0.03381575425739013,0.02945243112740431,3.5700000000000003,-9.02,1.3900000000000001,-15.5,32.5,27.5625,1745904694.3275058
455,-0.04145156973486533,0.009817477042468103,0.003272492347489368,3.6,-9.01,1.46,-15.5,32.5,27.5625,1745904694.3508544
456,0.02945243112740431,-0.007635815477475192,-0.030543261909900768,3.5500000000000003,-9.0,1.35,-15.5,32.5,27.5625,1745904694.3676455
457,0.061086523819801536,0.014180800172453928,-0.04254240051736178,3.46,-8.97,1.28,-15.75,32.0625,26.6875,1745904694.3904288
458,0.0272707695624114,0.028361600344907856,-0.004363323129985824,3.48,-8.950000000000001,1.28,-15.75,32.0625,26.6875,1745904694.4109614
459,-0.014180800172453928,-0.00545415391248228,0.001090830782496456,3.5700000000000003,-8.91,1.45,-15.5,33.1875,26.6875,1745904694.4306862
460,0.006544984694978736,-0.019634954084936207,0.019634954084936207,3.73,-8.870000000000001,1.53,-15.5,33.1875,26.6875,1745904694.450752
461,0.04908738521234052,-0.006544984694978736,-0.014180800172453928,3.61,-8.790000000000001,1.36,-15.5,33.1875,26.6875,1745904694.46797
462,0.030543261909900768,0.032724923474893676,0.006544984694978736,3.48,-8.85,1.23,-15.75,32.75,25.875,1745904694.490896
463,-0.039269908169872414,0.028361600344907856,0.0272707695624114,3.46,-8.92,1.26,-15.75,32.75,25.875,1745904694.5109887
464,-0.039269908169872414,-0.00545415391248228,0.02945243112740431,3.52,-8.99,1.28,-15.75,32.75,26.375,1745904694.5281723
465,0.02181661564992912,-0.02399827721492203,-0.004363323129985824,3.61,-8.92,1.42,-15.75,32.75,26.375,1745904694.5510561
466,0.07526732399225546,-0.028361600344907856,-0.04690572364734761,3.68,-8.88,1.37,-15.75,32.75,26.375,1745904694.5684192
467,0.04363323129985824,0.002181661564992912,-0.055632369907319255,3.6,-8.96,1.35,-14.25,32.75,27.1875,1745904694.5912309
468,-0.014180800172453928,0.037088246604879506,0.02945243112740431,3.6,-8.93,1.3900000000000001,-14.25,32.75,27.1875,1745904694.6115417
469,-0.0545415391248228,-0.011999138607461015,0.04799655442984406,3.62,-8.93,1.36,-15.75,33.1875,27.5625,1745904694.629055
470,0.003272492347489368,-0.020725784867432664,0.037088246604879506,3.69,-8.84,1.36,-15.75,33.1875,27.5625,1745904694.6512253
471,0.07526732399225546,-0.006544984694978736,-0.006544984694978736,3.66,-8.84,1.26,-15.75,33.1875,27.5625,1745904694.6694057
472,0.04799655442984406,0.031634092692397225,-0.055632369907319255,3.5300000000000002,-8.85,1.44,-14.6875,32.75,26.6875,1745904694.691484
473,-0.001090830782496456,0.006544984694978736,-0.04799655442984406,3.5700000000000003,-8.89,1.3800000000000001,-14.6875,32.75,26.6875,1745904694.711401
474,-0.02399827721492203,-0.015271630954950384,0.019634954084936207,3.56,-8.92,1.4000000000000001,-15.5,33.5,25.875,1745904694.7295473
475,-0.02945243112740431,-0.006544984694978736,0.07090400086226964,3.61,-9.01,1.3900000000000001,-15.5,33.5,25.875,1745904694.7515478
476,-0.009817477042468103,-0.007635815477475192,-0.001090830782496456,3.6,-9.03,1.32,-15.5,33.5,25.875,1745904694.7697453
477,0.044724062082354694,0.018544123302439753,-0.05345070834232634,3.5,-8.89,1.34,-15.5,32.5,26.75,1745904694.7915025
478,0.05781403147231216,0.037088246604879506,-0.014180800172453928,3.5,-8.81,1.42,-15.5,32.5,26.75,1745904694.8115284
479,0.011999138607461015,0.011999138607461015,-0.008726646259971648,3.43,-8.870000000000001,1.37,-16.0625,32.75,26.75,1745904694.8312929
480,-0.022907446432425576,0.006544984694978736,0.04036073895236887,3.52,-8.94,1.3900000000000001,-16.0625,32.75,26.75,1745904694.8515513
481,-0.04145156973486533,-0.002181661564992912,0.05999569303730508,3.58,-8.950000000000001,1.3900000000000001,-15.0625,32.75,26.375,1745904694.870168
482,0.003272492347489368,-0.025089107997418487,-0.038179077387375956,3.5700000000000003,-8.9,1.29,-15.0625,32.75,26.375,1745904694.8916838
483,0.06981317007977318,-0.003272492347489368,-0.07090400086226964,3.5100000000000002,-8.91,1.32,-15.0625,32.75,26.375,1745904694.9118445
484,0.06326818538479445,-0.002181661564992912,-0.04036073895236887,3.52,-8.9,1.43,-14.6875,33.5,27.1875,1745904694.9302866
485,0.04254240051736178,-0.009817477042468103,-0.017453292519943295,3.6,-8.870000000000001,1.41,-14.6875,33.5,27.1875,1745904694.9516578
486,-0.011999138607461015,-0.003272492347489368,0.016362461737446838,3.73,-8.85,1.52,-15.0625,33.1875,26.75,1745904694.972691
487,0.006544984694978736,-0.016362461737446838,-0.03599741582238305,3.67,-8.9,1.49,-15.0625,33.1875,26.75,1745904694.9919345
488,0.018544123302439753,-0.007635815477475192,-0.04363323129985824,3.58,-8.99,1.33,-15.0625,33.1875,26.75,1745904695.011854
489,-0.016362461737446838,0.0272707695624114,0.026179938779914945,3.5300000000000002,-9.03,1.33,-15.0625,32.75,26.375,1745904695.0307386
490,-0.022907446432425576,0.014180800172453928,0.0719948316447661,3.66,-8.99,1.3900000000000001,-15.0625,32.75,26.375,1745904695.0520003
491,0.032724923474893676,-0.011999138607461015,0.003272492347489368,3.63,-8.91,1.3800000000000001,-16.5,33.1875,28.0,1745904695.0709167
492,0.06763150851478027,-0.013089969389957472,-0.055632369907319255,3.59,-8.870000000000001,1.33,-16.5,33.1875,28.0,1745904695.09199
493,0.031634092692397225,0.009817477042468103,-0.022907446432425576,3.59,-8.83,1.42,-16.5,33.1875,28.0,1745904695.111902
494,0.004363323129985824,0.013089969389957472,0.02399827721492203,3.59,-8.83,1.3900000000000001,-15.5,33.1875,27.5,1745904695.131246
495,0.014180800172453928,0.019634954084936207,0.009817477042468103,3.5,-8.790000000000001,1.49,-15.5,33.1875,27.5,1745904695.1517704
496,0.022907446432425576,0.007635815477475192,-0.004363323129985824,3.5300000000000002,-8.85,1.43,-15.5,33.5,26.25,1745904695.1714165
497,0.02399827721492203,-0.017453292519943295,-0.017453292519943295,3.59,-8.82,1.3900000000000001,-15.5,33.5,26.25,1745904695.1919348
498,0.0,0.002181661564992912,-0.0272707695624114,3.6,-8.84,1.3800000000000001,-15.5,33.5,26.25,1745904695.211996
499,-0.014180800172453928,0.019634954084936207,-0.0272707695624114,3.5,-8.870000000000001,1.45,-15.5,32.75,27.0625,1745904695.2315247
500,-0.004363323129985824,-0.017453292519943295,0.001090830782496456,3.64,-8.86,1.53,-15.5,32.75,27.0625,1745904695.2520788
501,0.017453292519943295,-0.04690572364734761,-0.04363323129985824,3.7600000000000002,-8.86,1.58,-15.5,32.75,27.0625,1745904695.271693
502,0.014180800172453928,0.016362461737446838,-0.05235987755982989,3.63,-8.950000000000001,1.35,-15.5,32.75,27.0625,1745904695.2920067
503,-0.02399827721492203,0.050178215994836975,0.02181661564992912,3.45,-8.97,1.36,-15.5,32.75,27.0625,1745904695.3121622
504,-0.02945243112740431,-0.015271630954950384,0.02945243112740431,3.59,-8.94,1.51,-15.75,33.875,26.25,1745904695.3318448
505,0.02399827721492203,-0.05235987755982989,-0.008726646259971648,3.81,-8.92,1.6,-15.75,33.875,26.25,1745904695.3521526
506,0.04145156973486533,0.01090830782496456,-0.025089107997418487,3.7600000000000002,-8.89,1.44,-15.75,32.5,25.875,1745904695.3720653
507,-0.015271630954950384,0.055632369907319255,-0.016362461737446838,3.49,-8.9,1.3900000000000001,-15.75,32.5,25.875,1745904695.3921165
508,-0.04799655442984406,0.0545415391248228,0.05672320068981571,3.5700000000000003,-8.93,1.37,-15.75,32.5,25.875,1745904695.4122622
509,-0.037088246604879506,0.02399827721492203,0.038179077387375956,3.56,-8.91,1.45,-15.75,33.5,26.6875,1745904695.4319525
510,0.016362461737446838,-0.007635815477475192,0.018544123302439753,3.5500000000000003,-8.92,1.41,-15.75,33.5,26.6875,1745904695.4522765
511,0.03599741582238305,-0.00545415391248228,0.006544984694978736,3.59,-8.9,1.41,-15.75,33.5,26.25,1745904695.4721315
512,0.013089969389957472,0.006544984694978736,-0.019634954084936207,3.48,-8.92,1.3900000000000001,-15.75,33.5,26.25,1745904695.4922006
513,-0.008726646259971648,0.02181661564992912,0.017453292519943295,3.58,-8.9,1.3900000000000001,-15.75,33.5,26.25,1745904695.5122554
514,-0.011999138607461015,0.020725784867432664,0.004363323129985824,3.56,-8.89,1.46,-15.5,32.75,27.1875,1745904695.5322933
515,0.014180800172453928,-0.001090830782496456,0.002181661564992912,3.52,-8.950000000000001,1.3900000000000001,-15.5,32.75,27.1875,1745904695.5532682
516,0.03599741582238305,-0.02181661564992912,0.006544984694978736,3.63,-8.870000000000001,1.42,-15.75,33.1875,26.6875,1745904695.5724516
517,0.028361600344907856,-0.00545415391248228,-0.018544123302439753,3.64,-8.84,1.37,-15.75,33.1875,26.6875,1745904695.5925117
518,0.017453292519943295,0.004363323129985824,-0.038179077387375956,3.62,-8.8,1.48,-15.75,33.1875,26.6875,1745904695.612596
519,0.02945243112740431,-0.004363323129985824,-0.050178215994836975,3.59,-8.84,1.47,-16.0625,33.875,25.5,1745904695.6330552
520,0.038179077387375956,-0.003272492347489368,-0.001090830782496456,3.5700000000000003,-8.84,1.43,-16.0625,33.875,25.5,1745904695.6541994
521,0.0,-0.006544984694978736,0.02945243112740431,3.5700000000000003,-8.88,1.44,-16.0625,33.1875,26.75,1745904695.6728432
522,-0.028361600344907856,0.004363323129985824,0.006544984694978736,3.64,-8.97,1.42,-16.0625,33.1875,26.75,1745904695.6930065
523,0.007635815477475192,-0.001090830782496456,-0.018544123302439753,3.64,-8.94,1.56,-16.0625,33.1875,26.75,1745904695.7129002
524,0.044724062082354694,-0.016362461737446838,-0.03599741582238305,3.65,-8.93,1.52,-16.0625,33.5,26.375,1745904695.733102
525,0.014180800172453928,-0.009817477042468103,0.015271630954950384,3.69,-8.91,1.44,-16.0625,33.5,26.375,1745904695.7545004
526,-0.014180800172453928,0.002181661564992912,0.030543261909900768,3.64,-8.91,1.5,-15.75,32.5,26.0,1745904695.7731805
527,0.01090830782496456,0.022907446432425576,0.032724923474893676,3.69,-8.85,1.52,-15.75,32.5,26.0,1745904695.793788
528,0.03381575425739013,0.022907446432425576,-0.007635815477475192,3.59,-8.85,1.51,-15.75,32.5,26.0,1745904695.8132608
529,-0.003272492347489368,0.02181661564992912,0.002181661564992912,3.48,-8.89,1.4000000000000001,-15.5,33.1875,25.1875,1745904695.834825
530,-0.017453292519943295,-0.003272492347489368,0.04254240051736178,3.5100000000000002,-8.9,1.47,-15.5,33.1875,25.1875,1745904695.8555107
531,0.026179938779914945,-0.02399827721492203,0.013089969389957472,3.61,-8.870000000000001,1.45,-15.0625,33.5,26.375,1745904695.8735282
532,0.044724062082354694,0.01090830782496456,-0.02181661564992912,3.5,-8.84,1.46,-15.0625,33.5,26.375,1745904695.8948634
533,0.013089969389957472,0.022907446432425576,-0.004363323129985824,3.5100000000000002,-8.83,1.49,-15.0625,33.5,26.375,1745904695.9136434
534,-0.014180800172453928,-0.032724923474893676,-0.03490658503988659,3.63,-8.85,1.6,-15.5,33.5,26.0,1745904695.9358432
535,0.003272492347489368,-0.031634092692397225,-0.020725784867432664,3.73,-8.86,1.46,-15.5,33.5,26.0,1745904695.9564807
536,0.00545415391248228,0.019634954084936207,-0.01090830782496456,3.63,-8.93,1.44,-15.0625,32.75,26.0,1745904695.9761844
537,-0.019634954084936207,0.028361600344907856,0.019634954084936207,3.5500000000000003,-8.96,1.47,-15.0625,32.75,26.0,1745904695.9956126
538,-0.028361600344907856,-0.008726646259971648,0.03599741582238305,3.5700000000000003,-8.89,1.55,-15.0625,32.75,26.0,1745904696.0141478
539,0.0,-0.014180800172453928,-0.004363323129985824,3.66,-8.85,1.54,-15.0625,33.1875,25.5625,1745904696.036548
540,0.031634092692397225,-0.001090830782496456,-0.0545415391248228,3.6,-8.91,1.41,-15.0625,33.1875,25.5625,1745904696.0571873
541,0.030543261909900768,0.013089969389957472,-0.011999138607461015,3.59,-8.89,1.4000000000000001,-15.5,33.875,26.375,1745904696.0741248
542,0.0,0.006544984694978736,0.016362461737446838,3.64,-8.790000000000001,1.52,-15.5,33.875,26.375,1745904696.0966945
543,-0.01090830782496456,-0.00545415391248228,-0.017453292519943295,3.65,-8.83,1.56,-15.5,33.875,26.375,1745904696.11421
544,-0.008726646259971648,-0.006544984694978736,-0.0545415391248228,3.6,-8.870000000000001,1.5,-15.5,33.1875,26.75,1745904696.1372814
545,0.009817477042468103,0.006544984694978736,-0.0545415391248228,3.54,-8.93,1.46,-15.5,33.1875,26.75,1745904696.1577334
546,0.04363323129985824,0.003272492347489368,-0.003272492347489368,3.63,-8.950000000000001,1.46,-16.0625,33.5,26.0,1745904696.1744428
547,0.007635815477475192,0.017453292519943295,0.04581489286485115,3.59,-8.950000000000001,1.35,-16.0625,33.5,26.0,1745904696.1974308
548,-0.038179077387375956,0.014180800172453928,0.05890486225480862,3.63,-8.950000000000001,1.56,-16.0625,33.5,26.0,1745904696.2146266
549,0.015271630954950384,-0.030543261909900768,-0.009817477042468103,3.79,-8.97,1.62,-16.0625,33.5,26.375,1745904696.2376797
550,0.09490227807719166,-0.0272707695624114,-0.05999569303730508,3.79,-8.88,1.55,-16.0625,33.5,26.375,1745904696.2581594
551,0.06872233929727672,0.030543261909900768,-0.011999138607461015,3.62,-8.91,1.3900000000000001,-15.5,34.25,26.0,1745904696.2751703
552,-0.015271630954950384,0.055632369907319255,0.05890486225480862,3.46,-8.870000000000001,1.5,-15.5,34.25,26.0,1745904696.297771
553,-0.032724923474893676,0.008726646259971648,0.0719948316447661,3.61,-8.9,1.49,-15.5,34.25,26.0,1745904696.3153014
